,VALID_RATIO,AVERAGE_PROPERTY,AVERAGE_SIMILARITY,NOVELTY,SUCCESS,SUCCESS_WO_NOVEL,DIVERSITY
MTMR,0.999,0.8027660037752052,0.3285467508186314,0.997,0.387,0.391,0.6369488095238096
JTVAE,0.924,0.15295360282245515,0.4447396900805594,0.919,0.128,0.133,0.09239999999999902
VJTNN,0.999,0.8040512255352051,0.3436082190679235,0.579,0.091,0.666,0.44984444444444416
VJTNN+GAN,0.999,0.787898841386047,0.3246527387437538,0.801,0.144,0.629,0.5639444444444446
CORE,0.999,0.7996810948521973,0.3391767903096436,0.675,0.116,0.666,0.49951111111111124
HierG2G,0.981,0.6773454539457638,0.2567269842886375,0.944,0.087,0.345,0.7115999999999983
MolCycleGAN,0.999,0.3820740467712817,0.18959540186139454,0.983,0.001,0.001,0.0998999999999986
UGMMT,0.996,0.7390507294364106,0.2603273249227424,0.985,0.137,0.168,0.7886380952380952
