,VALID_RATIO,AVERAGE_PROPERTY,AVERAGE_SIMILARITY,NOVELTY,NOVELTY_9,NOVELTY_8,NOVELTY_7,SUCCESS,SUCCESS_9,SUCCESS_8,SUCCESS_7,SUCCESS_WO_NOVEL,DIVERSITY
MTMR,1.0,0.799258549846302,0.3294977053653311,0.999,0.997,0.989,0.982,0.434,0.431,0.42,0.4,0.439,0.4407
JTVAE,1.0,0.339515094720259,0.23928137332107297,0.99,0.99,0.978,0.939,0.011,0.011,0.009,0.006,0.011,0.04945
VJTNN,0.999,0.8033392466616203,0.343539307199486,0.694,0.68,0.614,0.471,0.12,0.11,0.086,0.046,0.696,0.1298
VJTNN+GAN,0.999,0.7870936950579862,0.3239540230456337,0.882,0.866,0.83,0.662,0.178,0.168,0.148,0.07,0.687,0.1852
CORE,0.999,0.7996429216814283,0.33847907371240143,0.773,0.763,0.716,0.556,0.146,0.137,0.114,0.053,0.712,0.1556
HierG2G,0.981,0.6798692192425294,0.257833893977599,0.971,0.97,0.963,0.919,0.122,0.119,0.098,0.057,0.396,0.23915
MolCycleGAN,0.999,0.3820740467712817,0.18959540186139454,0.983,0.977,0.963,0.901,0.001,0.001,0.001,0.001,0.001,0.0386
UGMMT,0.999,0.7371266885168816,0.2614233846935521,0.996,0.995,0.991,0.976,0.171,0.167,0.15,0.115,0.205,0.69475
