,VALID_RATIO,AVERAGE_PROPERTY,AVERAGE_SIMILARITY,NOVELTY,SUCCESS,SUCCESS_WO_NOVEL,DIVERSITY
MTMR,1.0,0.799258549846302,0.3294977053653311,0.999,0.44,0.445,0.5284287801036257
JTVAE,0.924,0.15295360282245515,0.4447396900805594,0.919,0.135,0.14,0.04619999999999951
VJTNN,0.999,0.8033392466616203,0.343539307199486,0.696,0.132,0.748,0.31541315789473673
VJTNN+GAN,0.999,0.7870936950579862,0.3239540230456337,0.885,0.199,0.733,0.42658815789473675
CORE,0.999,0.7996429216814283,0.33847907371240143,0.779,0.153,0.759,0.3628988304093567
HierG2G,0.981,0.6798692192425294,0.257833893977599,0.971,0.126,0.424,0.5855
MolCycleGAN,0.999,0.3820740467712817,0.18959540186139454,0.983,0.001,0.001,0.0499499999999993
UGMMT,0.999,0.7371266885168816,0.2614233846935521,0.996,0.179,0.213,0.7041857849451898
