,VALID_RATIO,AVERAGE_PROPERTY,AVERAGE_SIMILARITY,NOVELTY,SUCCESS,DIVERSITY
MTMR,0.99999999999,0.7944848333001812,0.3287594614066692,0.98499999999015,0.399999999996,0.9599999999904
UGMMT,0.99999999999,0.8354276876346344,0.28405841979446916,0.81299999999187,0.20599999999794,0.91399999999086
MOLCG,0.99999999999,0.3820808890238716,0.18959540185949858,0.9899999999901,0.01299999999987,0.77499999999225
CORE,0.99999999999,0.7626441491873681,0.3446753391732529,0.39199999999608,0.09799999999902,0.6499999999935
G2G,0.99899999999001,0.8062707453937222,0.32973618273106803,0.3783783783745908,0.08008008007927847,0.6506506506441376
JTVAE,0.99999999999,0.3395150947168638,0.23928137331868016,0.99099999999009,0.03299999999967,0.98899999999011
