,VALID_RATIO,AVERAGE_PROPERTY,AVERAGE_SIMILARITY,NOVELTY,SUCCESS,SUCCESS_WO_NOVEL,DIVERSITY
MTMR,1.0,0.799258549846302,0.3294977053653311,0.999,0.434,0.439,8.814
UGMMT,0.999,0.7371266885168816,0.2614233846935521,0.996,0.173,0.205,13.895
G2G,0.999,0.8033392466616203,0.343539307199486,0.696,0.121,0.696,2.596
