,VALID_RATIO,AVERAGE_PROPERTY,AVERAGE_SIMILARITY,NOVELTY,SUCCESS,SUCCESS_WO_NOVEL,DIVERSITY
MTMR,1.0,0.872977946248768,0.3331357967677608,1.0,0.30625,0.30625,0.7107926587301585
JTVAE,0.87875,0.6965885730080856,0.4210211572224818,0.87875,0.085,0.085,0.08787500000000036
VJTNN,1.0,0.9035472491543708,0.3072524393480422,1.0,0.45625,0.48125,0.8609201388888852
VJTNN+GAN,1.0,0.8982256166507437,0.3122066420196817,1.0,0.4725,0.5,0.8807554563492022
CORE,1.0,0.8989126350969973,0.3171840561215744,1.0,0.505,0.5225,0.8950104166666626
HierG2G,0.96125,0.8587626613652992,0.27034757749119814,0.96125,0.37875,0.38875,0.8925972222222175
MolCycleGAN,0.965,0.7558246197776378,0.26908150906403144,0.965,0.0125,0.0125,0.09649999999999986
UGMMT,0.99125,0.8453353132916781,0.3298151841935883,0.99125,0.23,0.23375,0.7088124999999998
