,VALID_RATIO,AVERAGE_PROPERTY,AVERAGE_SIMILARITY,NOVELTY,SUCCESS,SUCCESS_WO_NOVEL,DIVERSITY
MTMR,1.0,0.8731383161627768,0.35284913201767426,1.0,0.37625,0.37625,0.5724853073805286
JTVAE,0.87875,0.6965885730080856,0.4210211572224818,0.87875,0.0875,0.0875,0.04393750000000018
VJTNN,1.0,0.9035510253095748,0.3075692174829277,1.0,0.55875,0.58375,0.7774451539387693
VJTNN+GAN,1.0,0.8979799911852546,0.3119470763947799,1.0,0.57375,0.595,0.8164877285006454
CORE,1.0,0.898933865451352,0.31707535599121406,1.0,0.585,0.59625,0.8296806068243767
HierG2G,0.96125,0.8586986263610136,0.27091915829008395,0.96125,0.4925,0.4975,0.8362368421052637
MolCycleGAN,0.965,0.7558246197776378,0.26908150906403144,0.965,0.01375,0.01375,0.04824999999999993
UGMMT,0.9975,0.8510932884234272,0.33163525087382034,0.9975,0.27375,0.2775,0.6104190819500419
