,VALID_RATIO,AVERAGE_PROPERTY,AVERAGE_SIMILARITY,NOVELTY,NOVELTY_9,NOVELTY_8,NOVELTY_7,SUCCESS,SUCCESS_9,SUCCESS_8,SUCCESS_7,SUCCESS_WO_NOVEL,DIVERSITY
MTMR,1.0,0.8731383161627768,0.35284913201767426,1.0,1.0,1.0,0.99875,0.37,0.37,0.36875,0.36,0.37,0.534375
JTVAE,0.975,0.7971133139852413,0.2787738534878636,0.975,0.975,0.97375,0.96875,0.0525,0.0525,0.0525,0.05125,0.0525,0.0498125
VJTNN,1.0,0.9035510253095748,0.3075692174829277,1.0,1.0,1.0,1.0,0.55125,0.55125,0.5475,0.52,0.575,0.7251875
VJTNN+GAN,1.0,0.8979799911852546,0.3119470763947799,1.0,1.0,1.0,1.0,0.5675,0.56625,0.56375,0.5325,0.5875,0.7765625
CORE,1.0,0.898933865451352,0.31707535599121406,1.0,1.0,1.0,1.0,0.58125,0.58125,0.57875,0.55375,0.59125,0.7954375
HierG2G,0.96125,0.8586986263610136,0.27091915829008395,0.96125,0.96125,0.96125,0.96125,0.485,0.485,0.4825,0.46625,0.4925,0.7830625
MolCycleGAN,0.965,0.7558246197776378,0.26908150906403144,0.965,0.96375,0.96375,0.95625,0.0125,0.0125,0.0125,0.01125,0.0125,0.049875
UGMMT,0.9975,0.8510932884234272,0.33163525087382034,0.9975,0.9975,0.995,0.99375,0.26875,0.26875,0.26375,0.26125,0.2725,0.6243125
